,Tweets,Subjectivity,Polarity,Analysis
0,"Thank you, Prime Minister ! It was a pleasure to speak to you. Once again, many congratulations. We will work together to further advance all areas of bilateral cooperation and to take our special ties to ever newer heights. ",0.5238095238095238,0.28571428571428575,Positive
1,"At 11 AM on Friday, 7th August, I would be addressing the ‘Conclave on Transformational Reforms in Higher Education under National Education Policy.’  

This conclave will emphasise on how the changes in India’s education sector will benefit youngsters. ",0.5,0.25,Positive
2,"Remembering Sushma Ji on her first Punya Tithi. Her untimely and unfortunate demise left many saddened. She served India selflessly and was an articulate voice for India at the world stage. 

Here is what I had spoken at a prayer meet in her memory. 

",0.4583333333333333,0.0625,Positive
3,Saddened by the tragic hospital fire in Ahmedabad. Condolences to the bereaved families. May the injured recover soon. Spoke to CM  Ji and Mayor  Ji regarding the situation. Administration is providing all possible assistance to the affected.,0.875,-0.375,Negative
4,"A blessed day in Ayodhya. 

This day will remain etched in the memory of every Indian.

May the blessings of Bhagwan Shree Ram always be upon us. May India scale new heights of progress. May every Indian be healthy and prosperous.  ",0.4772727272727273,0.3181818181818182,Positive
5,Prayed at  the sacred Hanumangarhi and sought Lord Hanuman's blessings. ,0.0,0.0,Neutral
6,"राम समय, स्थान और परिस्थितियों के हिसाब से बोलते हैं, सोचते हैं, करते हैं। राम हमें समय के साथ बढ़ना सिखाते हैं, चलना सिखाते हैं।

राम परिवर्तन के पक्षधर हैं, राम आधुनिकता के पक्षधर हैं। उनकी इन्हीं प्रेरणाओं और आदर्शों के साथ भारत आज आगे बढ़ रहा है। ",0.0,0.0,Neutral
7,"दुनिया में न जाने कितने देश हैं, जहां की आस्था में या अतीत में, राम किसी न किसी रूप में रचे-बसे हैं।

मुझे विश्वास है कि आज इन देशों में भी करोड़ों लोगों को राम मंदिर के निर्माण का काम शुरू होने से बहुत सुखद अनुभूति हो रही होगी। ",0.0,0.0,Neutral
8,"जीवन का ऐसा कोई पहलू नहीं है, जहां हमारे राम प्रेरणा न देते हों।

भारत की ऐसी कोई भावना नहीं है, जिसमें प्रभु राम झलकते न हों।

भारत की आस्था में राम हैं, आदर्शों में राम हैं।

भारत की दिव्यता में राम हैं, दर्शन में राम हैं।

राम भारत की ‘अनेकता में एकता’ के सूत्र हैं। ",0.0,0.0,Neutral
9,"राम मंदिर के निर्माण की यह प्रक्रिया राष्ट्र को जोड़ने का उपक्रम है।
 
यह महोत्सव है-

विश्वास को विद्यमान से जोड़ने का,

नर को नारायण से जोड़ने का,

लोक को आस्था से जोड़ने का,

वर्तमान को अतीत से जोड़ने का

और स्व को संस्कार से जोड़ने का। ",0.0,0.0,Neutral
10,"कई-कई सदियों तक, कई-कई पीढ़ियों ने अखंड, अविरत, एकनिष्ठ प्रयास किए हैं।

आज का यह दिन उसी तप, त्याग और संकल्प का प्रतीक है। ",0.0,0.0,Neutral
11,"कन्याकुमारी से क्षीर भवानी तक,

कोटेश्वर से कामाख्या तक,

जगन्नाथ से केदारनाथ तक, 

सोमनाथ से काशी विश्वनाथ तक,

सम्मेद शिखर से श्रवणबेलगोला तक,

बोधगया से सारनाथ तक,

अमृतसर से पटना साहिब तक, 

अंडमान से अजमेर तक, 

लक्षद्वीप से लेह तक,

आज पूरा भारत राममय है। ",0.0,0.0,Neutral
12,Live from Ayodhya. ,0.5,0.13636363636363635,Positive
13,Shri Ebrahim Alkazi will be remembered for his efforts to make theatre more popular and accessible across India. His contributions to the world of art and culture are noteworthy too. Saddened by his demise. My thoughts are with his family and friends. May his soul rest in peace.,0.5916666666666667,0.4916666666666667,Positive
14,"For those youngsters who did not get the desired result in the Civil Services Examination, 2019, I would like to tell them- life is full of several opportunities. Each and every one of you is hardworking and diligent. Best wishes for all your future endeavours.",0.24375000000000002,0.3375,Positive
15,"Congratulations to all the bright youngsters who have successfully cleared the Civil Services Examination, 2019! An exciting and satisfying career of public service awaits you. My best wishes!",0.6527777777777778,0.5729166666666666,Positive
16,"Thank you the Raksha Bandhan wishes . 

Glad to see the rising popularity of Para Sports across India. Congratulations to all the athletes, their families and their coaches. ",1.0,0.5,Positive
17,"स्नेहमयी शुभकामनाओं और प्रेरणादायी विचारों के लिए आपका बहुत-बहुत धन्यवाद।
_mansingh ",0.0,0.0,Neutral
18,"Thank you ! I consider it an honour to have got the opportunity to work towards empowering our Nari Shakti. 

I am also particularly happy to see more women pursuing sports and excelling in them. It is a great sign. ",0.75,0.7000000000000001,Positive
19,"शुभकामना संदेश के लिए _arunima जी आपका बहुत-बहुत धन्यवाद। आपने अपने हौसले और जज्बे से जिस प्रकार देश का नाम रोशन किया है, वह हर किसी के लिए प्रेरणादायी है। ",0.0,0.0,Neutral
20,"आपका बहुत-बहुत आभार।
 ",0.0,0.0,Neutral
21,Thank you . Your Raksha Bandhan wishes are extremely special. ,0.5714285714285714,0.35714285714285715,Positive
22,Humbled by your Raksha Bandhan wishes . Generations of sportspersons are inspired by your hardwork and success! ,0.0,0.375,Positive
23,Thank you 8! Happy to receive your Raksha Bandhan greetings. ,1.0,0.8,Positive
24,Thank you . ,0.0,0.0,Neutral
25,"Thank you for the wishes, . Your efforts to mentor young sporting talent is commendable. Efforts like yours are vital for Indian sportspersons to shine at the world stage. ",0.4,0.1,Positive
26,"Honoured to receive the blessings from Rajyogini Dadi Hirdaya Mohini Ji,  Ji and the  
 family. 

The blessings will remain etched in my memory and motivate me to work for the development of our nation. ",0.0,0.0,Neutral
27,"Thank you for the Raksha Bandhan greetings 1.

You have already given so many gifts to the nation and I am sure you will continue to excel in the times to come. Every Indian is proud of you! ",0.7962962962962963,0.6666666666666666,Positive
28,"Gratitude for the Raksha Bandhan greetings, 1. India is proud of your achievements and contribution to sports. ",1.0,0.8,Positive
29,Thank you _TT. Your wishes are a source of great strength. ,0.75,0.8,Positive
30,"Thank you for the wishes . Good luck to you for your efforts to excel in sports.

For me, the biggest laurel is representing the nation with diligence and tenacity. Every sportsperson does that, which is why I am proud of every player who represents India. ",0.8,0.75,Positive
31,"बहुत-बहुत आभार  जी। देश की हमारी करोड़ों बहनों की यही वह भावना है, जो भारतवर्ष को समृद्ध, सुरक्षित और सशक्त बनाने के लिए प्रेरित करती है। ",0.0,0.0,Neutral
32,"Thank you for the wishes. 

Your respect towards our brave soldiers and Corona warriors is laudatory. ",1.0,0.8,Positive
33,बहुत-बहुत धन्यवाद। ,0.0,0.0,Neutral
34,Thank you for the Raksha Bandhan greetings! Lovely Rakhi too. ,0.75,0.5,Positive
35,Thank you for the wishes!  :) ,1.0,0.5,Positive
36,अद्य संस्कृतदिवसे ये संस्कृतभाषां पठन्ति तथा च जनेषु तस्याः प्रचारार्थं प्रयासं कुर्वन्ति तान् सर्वान् प्रणमामि। संस्कृतभाषा सुन्दरी भाषा अस्ति किञ्च सहस्रशः वर्षेभ्यः अस्माकं श्रेष्ठायाः संस्कृत्याः भागभूता अस्ति। आगामिषु वर्षेषु संस्कृतभाषायाः लोकप्रियता नितराम् अभिवर्धताम्।,0.0,0.0,Neutral
37,"लता दीदी, रक्षा बंधन के इस शुभ अवसर पर आपका यह भावपूर्ण संदेश असीम प्रेरणा और ऊर्जा देने वाला है। करोड़ों माताओं-बहनों के आशीर्वाद से हमारा देश नित नई ऊंचाइयों को छुएगा, नई-नई सफलताएं प्राप्त करेगा। आप स्वस्थ रहें और दीर्घायु हों, ईश्वर से मेरी यही प्रार्थना है।  ",0.0,0.0,Neutral
38,"Respected  Ji, I am most humbled by your special Raksha Bandhan greetings. It is my honour and privilege to work for our great nation.

Blessings from you, and from India’s Nari Shakti, give me great strength. They are also vital for India’s growth and progress. ",0.5942857142857142,0.5114285714285715,Positive
39,रक्षा बंधन के पावन पर्व पर समस्त देशवासियों को बहुत-बहुत शुभकामनाएं।,0.0,0.0,Neutral
40,"Thank you ! Greetings to you as well as to the wonderful people of Israel. 

May the India-Israel friendship grow even stronger in the times to come. ",1.0,1.0,Positive
41,उत्तर प्रदेश सरकार की मंत्री श्रीमती कमला रानी वरुण जी के निधन से बहुत दुख हुआ। उनका पूरा जीवन समाजसेवा के प्रति समर्पित रहा। उन्होंने राज्य में भाजपा को मजबूत बनाने में महत्वपूर्ण भूमिका निभाई। शोक की इस घड़ी में मेरी संवेदनाएं उनके परिजनों और समर्थकों के साथ हैं।ओम शांति!,0.0,0.0,Neutral
42,"Best wishes to CM of Gujarat, Shri  on his birthday. He has been making an effective contribution to Gujarat’s progress. Praying for his long and healthy life.",0.5,0.5125,Positive
43,"Best wishes to generations of footballers, members and of course supporters on the centenary of . This is a milestone for Indian sport, and for the football traditions and sports-loving culture of West Bengal. May the East Bengal Mashal forever illuminate the Maidan!",0.3,1.0,Positive
44,The New Education Policy celebrates both local and global. Here is how... ,0.15151515151515152,0.04545454545454545,Positive
45,"Focus on multi-disciplinary aspects, flexibility and more...some salient features of the National Education Policy, 2020. ",0.0,0.0,Neutral
46,"The National Education Policy will make our education:

More fruitful.
 
Broad-based.
 
One that guides our youth to their natural passions. ",0.45,0.3,Positive
47,"The National Education Policy, 2020 reflects India’s aspirations and will contribute to improving the education sector. ",0.0,0.0,Neutral
48,"The Smart India Hackathon offered yet another glimpse of India’s talented Yuva Shakti. It is these youngsters who will take India to newer heights. Happy to have heard their ideas on a wide range of subjects including agriculture, water conservation, IT and more.",0.6885714285714285,0.4228571428571429,Positive
49,"Amar Singh Ji  was an energetic public figure. In the last few decades, he witnessed some of the major political developments from close quarters. He was known for his friendships across many spheres of life. Saddened by his demise. Condolences to his friends &amp; family. Om Shanti.",0.2619047619047619,0.12321428571428572,Positive
50,Interacting with our bright young minds at the Smart India Hackathon. ,0.6142857142857143,0.33809523809523806,Positive
51,"India bows to Lokmanya Tilak on his 100th Punya Tithi. 

His intellect, courage, sense of justice and idea of Swaraj continue to inspire. 

Here are some facets of Lokmanya Tilak’s life... ",0.0,0.0,Neutral
52,"Eid Mubarak!

Greetings on Eid al-Adha. May this day inspire us to create a just, harmonious and inclusive society. May the spirit of brotherhood and compassion be furthered.",0.0,0.0,Neutral
53,"The Smart India Hackathon has emerged as a vibrant forum to ideate and innovate. Naturally, this time our youth would be focussing on the post-COVID world in their innovations, along with ways to create an Aatmanirbhar Bharat. 

",0.4587301587301587,0.1603174603174603,Positive
54,"Young India is filled with talent! The grand finale of the Smart India Hackathon 2020 showcases this very spirit of innovation and excellence. On 1st August at 4:30 PM, looking forward to interacting with the finalists of the Hackathon and knowing more about their works.",0.6238095238095237,0.3357142857142857,Positive
55,Padma Shri Ren Sonam Tshering Lepcha Ji was a a multi-faceted personality. He made outstanding efforts to popularise the great Lepcha culture. His works are respected across generations. Anguished by his demise. Condolences to his family and admirers. Om Shanti.,0.8125,0.65,Positive
56,Inaugurating the Supreme Court Building of Mauritius with PM . ,0.0,0.0,Neutral
57,"Another example of India-Mauritius friendship. 

At 12 noon on 30th July,    and I would jointly inaugurate, via video conferencing, the new Supreme Court Building of Mauritius. India is honoured to have assisted in this key project. ",0.7272727272727273,0.06818181818181818,Positive
58,"Had an extensive interaction with stakeholders from banks and NBFCs to deliberate on the roadmap for economic growth, helping entrepreneurs and a range of other aspects. ",0.30277777777777776,0.025000000000000005,Positive
59,"Framing of NEP 2020 will be remembered as a shining example of participative governance. I thank all those who have worked hard in the formulation of the NEP 2020. 

May education brighten our nation and lead it to prosperity.",0.5416666666666666,-0.2916666666666667,Negative
60,"Aspects such as widening the availability of scholarships, strengthening infrastructure for Open and Distance Learning, Online Education and increasing the usage of technology have received great attention in the NEP. These are vital reforms for the education sector.",0.5375,0.225,Positive
61,"Respecting the spirit ‘Ek Bharat Shreshtha Bharat’, the NEP 2020 includes systems to promote Indian languages, including Sanskrit. Many foreign languages will also be offered at the secondary level. 

Indian Sign Language (ISL) will be standardised across the country.",0.30833333333333335,0.025000000000000005,Positive
62,"UG education would also include multiple entry and exit points with appropriate certification. An Academic Bank of Credit will be set up to enable digital storage of credits earned from different HEIs, which can also be transferred and counted as a part of the final degree.",0.35000000000000003,0.08333333333333333,Positive
63,"Thanks to NEP 2020, the Indian Higher Education sector will have a holistic and multi-disciplinary approach. UG education will offer flexible curricula, creative combinations of subjects, integration of vocational education.",0.525,0.3125,Positive
64,NEP 2020 has provisions to set up a Gender Inclusion Fund and also Special Education Zones. These will specially focus on making education more inclusive. NEP 2020 would improve the education infrastructure and opportunities for persons with disabilities.,0.5476190476190476,0.4047619047619048,Positive
65,Replacing 10+2 structure of school curricula with a 5+3+3+4 curricular structure will benefit the younger children. It will also be in tune with global best practices for development of mental faculties of a child. There are reforms in school curricula and pedagogy too.,0.125,0.225,Positive
66,"NEP 2020 gives utmost importance towards ensuring universal access to school education. There is emphasis on aspects such as better infrastructure, innovative education centres to bring back dropouts into the mainstream, facilitating multiple pathways to learning among others.",0.3333333333333333,0.16666666666666666,Positive
67,"NEP 2020 is based on the pillars of:

Access.

Equity.

Quality. 

Affordability.

Accountability.

In this era of knowledge, where learning, research and innovation are important, the NEP will transform India into a vibrant knowledge hub.",0.6666666666666666,0.2833333333333333,Positive
68,"I wholeheartedly welcome the approval of the National Education Policy 2020! This was a long due and much awaited reform in the education sector, which will transform millions of lives in the times to come! NewEducationPolicy

",0.46875,0.26875,Positive
69,"राष्ट्ररक्षासमं पुण्यं,

राष्ट्ररक्षासमं व्रतम्,

राष्ट्ररक्षासमं यज्ञो,

दृष्टो नैव च नैव च।।

नभः स्पृशं दीप्तम्...
स्वागतम्! RafaleInIndia ",0.0,0.0,Neutral
70,Launching high-throughput COVID-19 testing facilities. ,0.0,0.0,Neutral
71,Best wishes to Maharashtra CM Shri Uddhav Thackeray Ji on his birthday. I pray for Uddhav Ji’s long and healthy life. ,0.39999999999999997,0.48333333333333334,Positive
72,"Greetings to all  personnel on the 82nd Raising Day of this outstanding Force. CRPF is at the forefront of keeping our nation safe. The courage and professionalism of this force are widely admired. 

May the CRPF achieve even greater heights in the coming years.",0.56875,0.35,Positive
73,"At 4:30 PM on Monday, 27th July, high-throughput COVID-19 testing facilities will be launched. 

These high-throughput testing facilities being set up in Noida, Mumbai and Kolkata will help in further ramping up our testing capacity. 

",0.5,0.0,Neutral
74,"Youngsters like Kaniga and her sister personify the spirit of New India, where success is not merely determined by the family one is born in, the school/ college one studied, the big city one lives in. 

Hardwork and perseverance gives results. India is changing. MannKiBaat ",0.26363636363636367,0.17159090909090907,Positive
75,"Mathematics, his mischievous brother and writing make Usman happy.

All mathematics lovers like Usman should consider Vedic Maths classes…I am sure it would be a great learning experience. MannKiBaat ",0.8796296296296297,0.7000000000000001,Positive
76,"Vinayak’s secret to success is hardwork and proper time management. 

He is also a very lucky person because he is not on social media yet. :) MannKiBaat ",0.4777777777777777,0.14444444444444446,Positive
77,"Meet Kritika from Haryana…

She aspires to become a doctor. Apart from studies, she enjoys basketball.

She is also very proud of her Mother. MannKiBaat ",1.0,1.0,Positive
78,"A special oath-taking in Suriname, thousands of miles away from India…

India congratulates President Chan Santokhi and wishes him the very best for his Presidential term. We are very proud of the long-standing and deep-rooted cultural linkages with Suriname. MannKiBaat ",0.5153571428571428,0.6142857142857143,Positive
79,"India will always remember how our rural areas have shown remarkable fighting spirit in the battle against COVID-19.

Here are some efforts from Jammu and Kashmir that are outstanding. MannKiBaat ",0.5416666666666666,0.4166666666666667,Positive
80,"Madhubani art themed masks.

Bamboo products from the Northeast. 

Lemongrass farming in Jharkhand.

Fruit cultivation in Kutch and Ladakh.

India is full of exceptional people doing exceptional things. MannKiBaat ",0.85,0.561111111111111,Positive
81,"There is no question of complacency or carelessness when it comes to the COVID-19 global pandemic. 

Wear your mask.

Follow social distancing.

Remember ‘Do Gaj Ki Doori.’ MannKiBaat ",0.03333333333333333,0.016666666666666666,Positive
82,"Years ago, Mahatma Gandhi gave us a Talisman.

In 1999 after Kargil, beloved Atal Ji gave us a Mantra which is extremely relevant today. MannKiBaat ",0.95,0.55,Positive
83,"We saw in Kargil that while India always stands for harmony, we had also given a befitting reply to those who vitiated the spirit of peace.

I thank all those who have highlighted CourageInKargil…the valour of our forces which makes us proud. MannKiBaat ",1.0,0.8,Positive
84,"Today, as we mark 6YearsofMyGov, I appreciate all those across India who have enriched  by their active participation. 

MyGov has emerged as a noteworthy forum that celebrates participative governance. 

Do keep contributing! ",0.6,-0.16666666666666666,Negative
85,Tune in to this month’s MannKiBaat. ,0.0,0.0,Neutral
86,India remains eternally grateful to our soldiers for their bravery. CourageInKargil ,0.0,0.0,Neutral
87,"On Kargil Vijay Diwas, we remember the courage and determination of our armed forces, who steadfastly protected our nation in 1999. Their valour continues to inspire generations. 

Will speak more about this during today’s MannKiBaat, which begins shortly. CourageInKargil",0.5333333333333333,0.3,Positive
88,"Do tune in tomorrow, 26th July, at 11 AM. MannKiBaat. ",0.0,0.0,Neutral
89,"Reviewed progress of the PM-SVANidhi Scheme, which will have a transformative impact on the lives of street vendors. ",0.0,0.0,Neutral
90,Birthday greetings to my Cabinet colleague _ Ji. Her efforts to strengthen the vital food processing sector are admirable. She is also passionate about the progress of our hardworking farmers. I pray for her long and healthy life.,0.5375,0.125,Positive
91,"Met 4Gujarat President Shri  Ji. Hailing from a humble background, he rose the ranks in the Party and distinguished himself as an outstanding Karyakarta. His work as MP has also been appreciated. Am sure under his leadership the Gujarat BJP will scale newer heights. ",0.6427777777777778,0.31999999999999995,Positive
92,We are leaving no stone unturned to make the Northeast our growth engine. ,0.0,0.0,Neutral
93,Furthering peace and prosperity through connectivity. ,0.0,0.0,Neutral
94,"‘Ease of Living’ is the right of every citizen.

That is why, furthering it has been the priority of our Government for the last six years. ",0.3011904761904762,0.14285714285714285,Positive
95,"Today is a special day for the Nari Shakti of Manipur. 

Here is why… ",0.5714285714285714,0.35714285714285715,Positive
96,Laying the foundation stone of Manipur Water Supply Project. ,0.0,0.0,Neutral
97,भारत मां के दो वीर सपूत लोकमान्य बाल गंगाधर तिलक और चंद्रशेखर आजाद को उनकी जन्म-जयंती पर शत-शत नमन।,0.0,0.0,Neutral
98,"India and USA are natural partners. 

The US-India friendship has scaled many heights in the past. 
 
Now it is time our partnership plays an important role in helping the world bounce back faster after the pandemic! ",0.43,0.15,Positive
99,NOW is the best time to invest in India. ,0.3,1.0,Positive
100,"There is global optimism towards India because of:

India’s culture of openness. 

The many opportunities and options to invest. 

India awaits you! ",0.25,0.3125,Positive
101,Global economic resilience will be shaped by stronger domestic economic capacities. India is doing so by working towards an Aatmanirbhar Bharat. ,0.125,0.1,Positive
102,Addressing the IndiaIdeasSummit organised by . ,0.0,0.0,Neutral
103,"At 10:30 AM tomorrow, will join, via video conferencing, the programme to lay the foundation stone for the Manipur Water Supply Project. This project will boost our mission of 'Har Ghar Jal’ and greatly benefit the people of Manipur. 

",0.75,0.8,Positive
104,"Urged MPs to keep themselves updated with latest policy issues. Also emphasised on being effective on the floor of the House as well as in the field, among people. 

Reiterated the need for constant people connect and embracing latest technology as well as social media.",0.6000000000000001,0.3266666666666667,Positive
105,Had an excellent interaction with the newly elected 4India Rajya Sabha MPs. It was wonderful to hear their views and passion towards public service. This is a group of MPs who are diverse and will certainly make effective contributions to Parliamentary proceedings. ,0.6487734487734488,0.4917748917748918,Positive
106,Congratulations to our nuclear scientists for achieving criticality of Kakrapar Atomic Power Plant-3! This indigenously designed 700 MWe KAPP-3 reactor is a shining example of Make in India. And a trailblazer for many such future achievements!,0.375,0.16666666666666666,Positive
107,"Looking forward to addressing the IndiaIdeasSummit, organised by  today at 9 PM. Will be sharing my views on ‘Building a Better Future.’ Do watch. ",0.3125,0.25,Positive
108,"Shri Lalji Tandon was well-versed with constitutional matters. He enjoyed a long and close association with beloved Atal Ji. 

In this hour of grief, my condolences to the family and well-wishers of Shri Tandon. Om Shanti.",0.5750000000000001,0.08749999999999997,Positive
109,"Shri Lalji Tandon will be remembered for his untiring efforts to serve society. He played a key role in strengthening the BJP in Uttar Pradesh. He made a mark as an effective administrator, always giving importance of public welfare. Anguished by his passing away. ",0.6222222222222222,0.19999999999999998,Positive
110,"Highlighted reasons that make India an attractive investment destination. 

Was happy to know more about ’s efforts in furthering AI among students. I also thank  for his encouraging words on efforts like Ayushman Bharat &amp; India’s journey to become Aatmanirbhar.",0.8333333333333334,0.7000000000000001,Positive
111,"Had an extensive interaction with CEO of , Mr. . We discussed several subjects relating to technology, data security, emerging trends in healthcare and education.  ",0.16666666666666666,0.0,Neutral
112,": Hon'ble PM Shri  ji took stock of the contemporary situation regarding AssamFloods2020, COVID19 and Bag…",0.16666666666666666,0.16666666666666666,Positive
113,"We mourn the loss of US Congressman John Lewis, a champion of civil rights, non-violence and Gandhian values. His legacy will continue to endure and inspire.",0.0,0.0,Neutral
114,"In the passing away of Professor C. S. Seshadri, we have lost an intellectual stalwart who did outstanding work in mathematics. His efforts, especially in algebraic geometry, will be remembered for generations. Condolences to his family and admirers. Om Shanti.",0.7583333333333333,0.26666666666666666,Positive
115,Speaking at the High-Level Segment of ECOSOC. ,0.0,0.0,Neutral
116,"At 8:30 this evening, I would be addressing the High-Level Segment of ECOSOC. Would be speaking on various issues including this year’s theme of multilateralism after COVID-19, at a time when we mark 75 years of the . 

",0.5,0.0,Neutral
117,"The Tirukkural is extremely inspiring. It is a treasure of rich thoughts, noble ideals and great motivation. 

The words of respected Thiruvalluvar have the power to spread hope and brightness. 

I hope more youngsters across India read it! ",0.78,0.5800000000000001,Positive
118,"தெய்வப்புலவர் திருவள்ளுவரின் எழுத்துக்கள், நம்பிக்கையும் ஒளியும் பரப்பிடும் வல்லமை வாய்ந்தவை. இந்தியா முழுதிலுமுள்ள  இளைஞர்கள் பலரும் திருக்குறளைப் படித்துப் பயனுருவர் என நம்புகிறேன்.",0.0,0.0,Neutral
119,"திருக்குறள் அதி அற்புதமான ஊக்குவிப்பு நூலாகும்.           உயரிய சிந்தனைகள், உன்னதக் குறிக்கோள்கள், ஊக்கம் தரும்  கருத்துக்களை உள்ளடக்கிய பொக்கிஷமாகும். ",0.0,0.0,Neutral
120,"Acharya Shree Purushottampriyadasji Swamishree Maharaj was blessed with immense wisdom. His emphasis on community service, education and women empowerment will always be remembered. I will never forget my many interactions with him. Om Shanti.",0.75,0.25,Positive
121,"We will always remember Acharya Shree Purushottampriyadasji Swamishree Maharaj for his noble service to society. He worked hard to alleviate human suffering and further compassion. He will be remembered by countless people, not only in India but globally.",0.505952380952381,0.044047619047619044,Positive
122,"For those who aren’t happy with their CBSE Class X and XII results, I want to tell them- one exam doesn’t define who you are. Each of you is blessed with numerous talents. Live life to the fullest. Never lose hope, always look ahead. You will do wonders!",0.6666666666666666,0.3234848484848485,Positive
123,Congratulations to all my young friends who have successfully passed their Class X and XII CBSE examinations. Wishing them the very best for their future endeavours.,0.46625000000000005,0.4625,Positive
124,"The future belongs to technology. 

It is important to work together to further the usage of latest technology for the benefit of our people. ",0.63125,0.225,Positive
125,"Today’s India-EU Summit was an extremely fruitful one.  , _Commission President  and I interacted on a variety of subjects including the COVID-19 situation, multilateralism, environment, trade, investment, digital economy and more.",0.5,0.125,Positive
126,"Anguished by the passing away of Shri Jagdeoram Oran Ji, President of the Vanvasi Kalyan Ashram. His was a life devoted to serving the tribal communities. He was known for his kind and hardworking nature. Om Shanti.",0.9,0.6,Positive
127,Addressing the India-EU Summit. ,0.0,0.0,Neutral
128,The world needs skilled hands and we in India have the talent-force to cater to these global needs. 5YearsofSkillIndia ,0.25,0.25,Positive
129,"Knowledge and skill are two different things.

Do you know who taught me the difference well? It was a mechanic in a remote, tribal-dominated area where I had gone years ago. 5YearsofSkillIndia ",0.4,-0.05,Negative
130,"Skill is timeless. 

Skill is unique.

Skill is a treasure that nobody can take away.

Skill is self-reliance, it not only makes one employable but also self-employable. 5YearsofSkillIndia ",1.0,0.1875,Positive
131,"Today’s buzzwords:

Skill.

Re-skill.

Upskill.

5YearsofSkillIndia ",0.0,0.0,Neutral
132,"बाबा केदार के दर्शन मात्र से करोड़ों श्रद्धालुओं को अपूर्व ऊर्जा मिलती है। यात्रियों को गौरीकुंड-केदारनाथ मार्ग पर सभी सुविधाएं मिलें, टेक्नोलॉजी के द्वारा तीर्थ के ऐतिहासिक और सांस्कृतिक महत्त्व को दिखाया जाए, ऐसी व्यवस्थाएं विकसित हों, इनको लेकर भी विस्तृत समीक्षा की गई।",0.0,0.0,Neutral
133,"केदारनाथ मंदिर और जगद्गुरु आदि शंकराचार्य जी के समाधि स्थल की दिव्यता बढ़े, स्वच्छता को केंद्र में रखकर और व्यापक विकास हो, इन पर भी बात हुई। मुझे विश्वास है कि बाबा के आशीर्वाद से केदारनाथ धाम के अलौकिक स्वरूप में और भी वृद्धि होगी।",0.0,0.0,Neutral
134,पवित्र सावन मास में आज केदारनाथ धाम में हो रहे विकास कार्यों और धाम की दिव्यता को और बढ़ाने के लिए चल रहे प्रयासों की समीक्षा करने का सौभाग्य प्राप्त हुआ। ,0.0,0.0,Neutral
135,Addressing a conclave on World Youth Skills Day. ,0.0,0.0,Neutral
136,"Today on World Youth Skills Day, will be addressing, via video link, a conclave being organized by the Ministry of Skill Development and Entrepreneurship at 11 AM. This conclave also marks five years of the Skill India Mission.",0.0,0.0,Neutral
137,Will take part in the India-EU Summit at 4:30 PM today. I am confident this Summit will further strengthen our economic as well as cultural linkages with Europe.,0.4083333333333334,0.19999999999999998,Positive
138,Greetings to my Cabinet colleague  Ji on his birthday. He is making numerous efforts to transform our education sector. Praying for his long and healthy life.,0.4666666666666666,0.15,Positive
139,"Felicitations to my dear friend  and the friendly people of France on the occasion of Bastille Day! We are committed to further strengthening India's important strategic partnership with France, and expanding our cooperation.",0.6666666666666666,0.28958333333333336,Positive
140,"Best wishes to the Chief Minister of Mizoram, Mr.  on his birthday. One of the senior most and respected leaders in our polity, he has worked extensively for the welfare of Mizoram. May Almighty bless him with a long and healthy life in service of the people.",0.4066666666666666,0.39,Positive
141,"I was delighted to know more about the efforts of  in several sectors, be it in education, learning, @_DigitalIndia, furthering digital payments and more. ",0.33999999999999997,0.33999999999999997,Positive
142,"During our interaction,  and I spoke about the new work culture that is emerging in the times of COVID-19. We discussed the challenges the global pandemic has brought to areas such as sports. We also talked about the importance of data security and cyber safety.",0.3181818181818182,0.04545454545454545,Positive
143,"This morning, had an extremely fruitful interaction with . We spoke on a wide range of subjects, particularly leveraging the power of technology to transform the lives of India’s farmers, youngsters and entrepreneurs. ",0.5777777777777777,-0.019444444444444448,Negative
144,શ્રી નગીનદાસ સંઘવી પ્રબુદ્ધ લેખક-વિચારક હતા. એમના લેખો અને પુસ્તકોમાં ઇતિહાસ અને તત્વજ્ઞાનની સમજ અને રાજકીય ઘટનાઓનું પૃથક્કરણ કરવાની અસાધારણ શક્તિનો પરિચય થાય છે. એમના અવસાનથી દુ:ખની લાગણી અનુભવું છું. શોકગ્રસ્ત પરિવાર અને એમના વિશાળ વાચકવર્ગને સાંત્વના...ઓમ શાંતિ !!,0.0,0.0,Neutral
145,Also discussed ways to further step-up our capacities to prevent the spread of COVID-19. We also highlighted successful initiatives being undertaken across India to ensure the Coronavirus is kept under check.,0.725,0.375,Positive
146,Had an extensive meeting to review the COVID-19 situation across the nation. Took stock of the ongoing efforts to contain the infection. Priority is close monitoring and guiding the containment works in regions where the infection rate is high. ,0.43666666666666665,0.08,Positive
147,Congratulations to Prime Minister  for success in the General Elections! Best wishes to the people of Singapore for a peaceful and prosperous future.,0.28500000000000003,0.3225,Positive
148,"There are multiple ways to give inputs for MannKiBaat.

Record a message by dialling 1800-11-7800.

Share your inputs on the specially created Open Forum on the NaMo App.

Pen your views on MyGov.  ",0.35714285714285715,0.11904761904761905,Positive
149,"I am sure you would be aware of inspiring anecdotes of how collective efforts have brought about positive changes. 

You would surely know of initiatives that have transformed many lives. 

Please share them for this month’s MannKiBaat, which will take place on the 26th!",0.678872053872054,0.43371212121212127,Positive
150,Saddened by the loss of lives due to heavy rains as well as landslides in Arunachal Pradesh. My thoughts are with the bereaved families. May the injured recover quickly. All possible assistance is being provided to those affected.,0.59375,0.002083333333333326,Positive
151,"Glimpses from the solar power project that was inaugurated in Rewa, Madhya Pradesh, this morning. ",0.0,0.0,Neutral
152,"आत्मनिर्भरता सही मायने में तभी संभव है, जब हमारे भीतर आत्मविश्वास हो।

आत्मविश्वास तभी आता है, जब पूरा देश, पूरा सिस्टम हर देशवासी का साथ दे।

कोरोना संकट से पैदा हुई स्थितियों के बीच भारत यही काम कर रहा है, सरकार यही आत्मविश्वास जगाने में जुटी है। ",0.0,0.0,Neutral
153,"सोलर पावर की ताकत का हम तब तक पूरी तरह से उपयोग नहीं कर पाएंगे, जब तक हमारे पास देश में ही बेहतर सोलर पैनल, बैटरी, उत्तम क्वालिटी की स्टोरेज कैपेसिटी ना हो।

आत्मनिर्भर भारत अभियान के तहत अब देश का लक्ष्य है कि सोलर पैनल्स सहित तमाम उपकरणों के लिए आयात पर निर्भरता खत्म करें। ",0.0,0.0,Neutral
154,"जब हम renewable energy के बड़े projects लॉन्च कर रहे हैं, तब हम ये भी सुनिश्चित कर
रहे हैं कि साफ-सुथरी ऊर्जा के प्रति हमारा संकल्प जीवन के हर पहलू में दिखे। 

हम कोशिश कर रहे हैं कि इसका लाभ देश के हर कोने, समाज के हर वर्ग, हर नागरिक तक
पहुंचे।

जानिए इसका एक उदाहरण... ",0.0,0.0,Neutral
155,"Solar energy- pure, sure and secure. ",0.662962962962963,0.37142857142857144,Positive
156,"Rewa, associated with Maa Narmada and the White Tiger will also be known as the land with a state-of-the-art solar power project.

This solar project will help the people of MP, power the Metro in Delhi and contribute to a cleaner environment. ",0.0,0.0,Neutral
157,"Inaugurating a Solar Project in Rewa, Madhya Pradesh. ",0.0,0.0,Neutral
158,Birthday wishes to Shri  Ji. Rajnath Ji’s wisdom is greatly beneficial to the Government. He is at the forefront of efforts to build a strong and secure India. He has always worked for the welfare of the poor and our hardworking farmers. Praying for his long life.,0.6166666666666667,0.23666666666666666,Positive
159,"At 11 AM tomorrow, I would be inaugurating a 750 MW Solar Project in Rewa, Madhya Pradesh via video conferencing. This project adds momentum to our commitment of increasing renewable energy capacities by 2022. ",0.0,0.0,Neutral
160,"India awaits you.

There are infinite opportunities in a wide range of sectors. ",0.4,-0.1,Negative
161,"India is seeing clear green shoots when it comes to economic recovery.

The economy is being made:

More productive.

More investment friendly. 

More competitive. ",0.4119047619047619,0.28214285714285714,Positive
162,"The story of global revival will see India play a leading role. 

India is fighting a spirited battle against the virus.

The focus is on improving people’s health as well as the health of the economy. ",0.5,0.25,Positive
163,"हम सभी के प्रयासों से हमारी काशी भारत के एक बड़े एक्सपोर्ट हब के रूप में विकसित होगी। 

काशी को हम आत्मनिर्भर भारत अभियान की प्रेरक स्थली के रूप में भी स्थापित करेंगे। ",0.0,0.0,Neutral
164,"सेवा करने वाला सेवा का फल नहीं मांगता, दिन-रात निःस्वार्थ भाव से सेवा करता है।

दूसरों की निःस्वार्थ सेवा के हमारे यही संस्कार हैं, जो इस मुश्किल समय में देशवासियों के काम आ रहे हैं। ",0.0,0.0,Neutral
165,"उत्तर प्रदेश ने न सिर्फ संक्रमण की गति को काबू में किया हुआ है, बल्कि जिन्हें कोरोना हुआ है, वे भी तेजी से ठीक हो रहे हैं।

इसकी बहुत बड़ी वजह आप सभी लोग हैं। आप जैसे सामाजिक, धार्मिक और परोपकारी संगठनों के सेवाभाव, संकल्प और संस्कार हैं, जिनसे इस कठिन समय में बहुत मदद मिली है। ",0.0,0.0,Neutral
166,"हमारी काशी में बाबा विश्वनाथ और मां अन्नपूर्णा दोनों विराजते हैं।

तमाम संगठनों के लिए, हम सभी के लिए यह बहुत सौभाग्य की बात है कि इस बार गरीबों की सेवा का माध्यम भगवान ने हमें बनाया।

एक तरह से आप सभी मां अन्नपूर्णा और बाबा विश्वनाथ के दूत बनकर हर जरूरतमंद तक पहुंचे। ",0.0,0.0,Neutral
167,Addressing India Global Week organised by . BeTheRevival IGW2020 ,0.0,0.0,Neutral
168,Interacting with NGOs from Varanasi. ,0.0,0.0,Neutral
169,"Will be addressing the India Global Week, organised by  at 1:30 PM tomorrow. This forum brings together global thought leaders and captains of industry, who will discuss aspects relating to opportunities in India as well as the global economic revival post-COVID.",0.05,0.05,Positive
170,"कोविड महामारी के दौरान वाराणसी के नागरिकों और सामाजिक संगठनों से जुड़े लोगों ने पूरे समर्पण भाव से न केवल जरूरतमंदों की मदद की, बल्कि स्थानीय प्रशासन को भी हर प्रकार की सहायता दी। अपने संसदीय क्षेत्र के इन लोगों से कल सुबह 11 बजे होने वाले संवाद को लेकर बेहद उत्सुक हूं।",0.0,0.0,Neutral
171,An important step towards transforming the agriculture sector.  ,1.0,0.4,Positive
172,कोरोना संकट काल में गरीबों की चिंताओं को दूर करने और उन्हें सशक्त बनाने के लिए आज कैबिनेट ने एक महत्वपूर्ण फैसले को मंजूरी दी। प्रधानंमत्री गरीब कल्याण अन्न योजना को नवंबर तक के लिए बढ़ा दिया गया है। इससे देश के 81 करोड़ लोग लाभान्वित होंगे। ,0.0,0.0,Neutral
173,"घर का अर्थ सिर्फ ईंट और सीमेंट से चारदीवारी खड़ी कर देना नहीं है। 

यह वह जगह होती है, जहां हमारे सपने आकार लेते हैं और हमारी आंकाक्षाएं उड़ान भरती हैं। 
 
आज कैबिनेट के महत्वपूर्ण फैसले से कई लोगों की जिंदगी में सकारात्मक बदलाव आएगा। ",0.0,0.0,Neutral
174,"My friend President , my prayers and best wishes for your speedy recovery.",0.3,1.0,Positive
175,"Meu amigo Presidente , minhas orações e melhores votos por sua rápida recuperação.",0.0,0.0,Neutral
176,"I bow to Dr. Syama Prasad Mookerjee on his Jayanti. A devout patriot, he made exemplary contributions towards India’s development. He made courageous efforts to further India’s unity. His thoughts and ideals give strength to millions across the nation.",0.5,0.0,Neutral
177,देशवासियों को गुरु पूर्णिमा की ढेरों शुभकामनाएं। जीवन को सार्थक बनाने वाले गुरुओं के प्रति सम्मान प्रकट करने का आज विशेष दिन है। इस अवसर पर सभी गुरुजनों को मेरा सादर नमन।,0.0,0.0,Neutral
178,Best wishes to my senior Cabinet colleague Shri  Ji. Paswan Ji’s administrative experience and insight on key policy issues are a major asset for our Government. His contribution towards social justice is immense. Praying for his long and healthy life.,0.5380952380952381,0.22083333333333335,Positive
179,"भाजपा के प्रत्येक कार्यकर्ता को अपने साथ सात ‘स’ की शक्ति लेकर आगे बढ़ना चाहिए। 
ये हैं-
पहला- सेवाभाव, 
दूसरा- संतुलन, 
तीसरा- संयम, 
चौथा- समन्वय, 
पांचवां- सकारात्मकता, 
छठा- सद्भावना 
और सातवां- संवाद। ",0.0,0.0,Neutral
180,"हम चाहे कार्यकर्ता की भूमिका में हों या सरकार में, वास्तव में हम देश की और गरीबों की सेवा का माध्यम ही हैं।

यह सरकार छह सालों से इसी विचार के साथ काम कर रही है और फैसले ले रही है। ",0.0,0.0,Neutral
181,"कोरोना के इस संकट काल में समाज ने आपको स्नेह दिया है, विश्वास दिया है।

आप किसी गरीब की मदद कर सकें, इसके लिए समाज ने आपको साधन दिए हैं। 

यही वो स्नेह है, वो ऊर्जा है, जिसकी ताकत ने आपको थकने नहीं दिया। हमें इस ऊर्जा को और समाज की इस शक्ति को समझना चाहिए। ",0.0,0.0,Neutral
182,"हमारे लिए हमारे संगठन का मतलब है- सेवा, सबका संग, सबका साथ, सबका सुख, सबकी समृद्धि।
 
हमारा संगठन समाज हित के लिए काम करने वाला है, संघर्ष करने वाला है, समाज और देश के लिए खप जाने वाला है।
 
हमारे लिए हमेशा ‘Nation First’ रहा है। ",0.3333333333333333,0.25,Positive
183,"हम लोगों ने राजनीति में सत्ता को सेवा का माध्यम माना, हमने कभी भी सत्ता को अपने लाभ का माध्यम नहीं बनाया।

निःस्वार्थ सेवा ही हमारा संकल्प और संस्कार रहा है। ",0.0,0.0,Neutral
184,India is placing great importance to education in the agricultural sector that benefits the farmers. India is proud of its traditional agro knowledge and will complement it with latest technology to ensure a boost to the income of farmers.,0.85,0.525,Positive
185,"Other aspects relating to ICAR which we discussed included research on  indigenous breeds of dogs and horses, mission mode approach for vaccination to cure Foot and Mouth disease, study of grasses and local fodder crops and ensuring easy access to farm equipment.",0.40277777777777785,0.10277777777777779,Positive
186,"Emphasised on the need to spread awareness on including millets such as Jowar, Bajra and Ragi as a part of people’s diet. Also emphasised on ensuring extensive awareness programmes on water use efficiency and water conservation.",0.41666666666666663,0.0,Neutral
187,"India is working towards increased organic farming as well as farming on a cluster based approach. Efforts are also ongoing to encourage start-ups related to agriculture, especially ones that encourage usage of latest technology in the sector.",0.7666666666666666,0.16666666666666666,Positive
188,Commendable work has happened in developing varieties that cater to specific requirements of agro-climatic zones. Various varieties have also been developed that will further our endeavour of a nation free from the menace of malnutrition.,0.445,0.1,Positive
189,Reviewed extensively the progress of research in agriculture. Also reviewed aspects relating to education of agriculture during today’s meet. Ensuring farmer welfare is one of our key priorities. ,0.6666666666666666,0.0,Neutral
190,"I congratulate   and the people of the USA on the 244th Independence Day of the USA. As the world's largest democracies, we cherish freedom and human enterprise that this day celebrates. 
",0.1,0.0,Neutral
191,Addressing ‘Seva Hi Sangathan’ interaction. ,0.0,0.0,Neutral
192,"This challenge is for you if you have such a working product or if you feel you have the vision and expertise to create such products. I urge all my friends in the tech community to participate. 

Sharing my thoughts in my  post. 

",0.5,0.0,Neutral
193,"Today there is immense enthusiasm among the tech &amp; start-up community to create world class Made in India Apps. To facilitate their ideas and products _MeitY and  are launching the Aatmanirbhar Bharat App Innovation Challenge. 

",1.0,0.0,Neutral
194,"Performed Sindhu Puja in Nimu yesterday. 

Prayed for the peace, progress and prosperity of our nation. ",0.0,0.0,Neutral
195,"देववाणीं संस्कृतभाषां वैश्विके पटले प्रचारप्रसारशिखरासनम् आसादयितुं कृतयत्नस्य डी.डी.न्यूज़-वाहिन्यां प्रसार्यमाणस्य 'वार्तावली'-कार्यक्रमस्य अतुल्यमस्ति योगदानम्।
वार्तावल्याः पञ्चवर्षपूर्त्यवसरे संस्कृतकार्यक्रमसम्बद्धान् समस्तान् सदस्यान् दर्शकाँश्च अहं हृदयेन अभिनन्दामि। ",0.0,0.0,Neutral
196,"For 4India Karyakartas, serving the nation comes first. 

In these challenging times, our Karyakartas have been working tirelessly across India, helping those in need. 

Will be discussing these works and the way ahead during the ‘Seva Hi Sangathan’ interaction at 4:30 PM. ",0.6666666666666666,0.375,Positive
197,My address at the programme marking Dharma Chakra Parvattana. ,0.0,0.0,Neutral
198,विस्तारवाद का युग समाप्त हो चुका है। यह युग विकासवाद का है। ,0.0,0.0,Neutral
199,"राष्ट्र की, दुनिया की, मानवता की प्रगति के लिए शांति और मित्रता बहुत जरूरी है, लेकिन हम यह भी जानते हैं कि शांति निर्बल नहीं ला सकता, कमजोर शांति की पहल नहीं कर सकता।

भारत आज जल, थल, नभ और अंतरिक्ष तक अगर अपनी ताकत बढ़ा रहा है, तो उसके पीछे का लक्ष्य भी शांति ही है। ",0.0,0.0,Neutral
